{
  "chinese": [
    {
      "AL": {
        "city": "Birmingham", 
        "review_count": 554, 
        "rating": 3.927797833935018, 
        "reviews_by_pop": 0.002611815400281925, 
        "restaurant_count": 30, 
        "population": 212113
      }
    }
  ]
}